{"cameraMode":{"drawMode":0,"name":"Shaded","section":"Shading Mode"},"sceneLighting":false,"audioPlay":false,"sceneViewState":{"m_AlwaysRefresh":true,"showFog":true,"showSkybox":false,"showFlares":true,"showImageEffects":true,"showParticleSystems":true,"showVisualEffectGraphs":true,"m_FxEnabled":true},"in2DMode":false,"pivot":{"x":5.612990379333496,"y":6.605349063873291,"z":-12.334821701049805},"rotation":{"x":-0.06746955215930939,"y":-0.2059362381696701,"z":0.014239436015486718,"w":-0.9761652946472168},"size":13.251419067382813,"orthographic":false}