{"cameraMode":{"drawMode":0,"name":"Shaded","section":"Shading Mode"},"sceneLighting":true,"audioPlay":false,"sceneViewState":{"m_AlwaysRefresh":true,"showFog":true,"showSkybox":true,"showFlares":true,"showImageEffects":true,"showParticleSystems":true,"showVisualEffectGraphs":true,"m_FxEnabled":true},"in2DMode":false,"pivot":{"x":-9.535988807678223,"y":11.721851348876954,"z":-27.86819839477539},"rotation":{"x":-0.059206947684288028,"y":-0.07451079785823822,"z":0.004474655259400606,"w":-0.9954929947853088},"size":17.604333877563478,"orthographic":false}